,Fecha,Predicci√≥n,Memory_PssTotal,Memory_PssClean,Memory_SharedDirty,Memory_PrivateDirty,Memory_SharedClean,Memory_HeapSize,Memory_HeapFree,Memory_Views,Memory_ViewRootImpl,Memory_AppContexts,Memory_Activities,Memory_Assets,Memory_LocalBinders,Memory_ProxyBinders,Memory_ParcelMemory,Memory_ParcelCount,Memory_DeathRecipients,Memory_WebViews,API_Command_java.lang.Runtime_exec,API_WebView_android.webkit.WebView_loadUrl,API_WebView_android.webkit.WebView_addJavascriptInterface,API_FileIO_libcore.io.IoBridge_open,API_FileIO_android.content.ContextWrapper_openFileInput,API_FileIO_android.content.ContextWrapper_openFileOutput,API_FileIO_android.content.ContextWrapper_deleteFile,API_Database_android.database.sqlite.SQLiteDatabase_execSQL,API_Database_android.database.sqlite.SQLiteDatabase_getPath,API_Database_android.database.sqlite.SQLiteDatabase_insert,API_Database_android.database.sqlite.SQLiteDatabase_query,API_Database_android.database.sqlite.SQLiteDatabase_rawQuery,API_Database_android.database.sqlite.SQLiteDatabase_update,API_IPC_android.content.ContextWrapper_sendBroadcast,API_IPC_android.content.ContextWrapper_startActivity,API_IPC_android.content.ContextWrapper_startService,API_IPC_android.content.ContextWrapper_stopService,API_IPC_android.content.ContextWrapper_registerReceiver,API_Binder_android.app.ActivityThread_handleReceiver,API_Binder_android.app.Activity_startActivity,API_Crypto_javax.crypto.spec.SecretKeySpec_$init,API_Crypto-Hash_java.security.MessageDigest_digest,API_DeviceInfo_android.telephony.TelephonyManager_getDeviceId,API_DeviceInfo_android.telephony.TelephonyManager_getSubscriberId,API_DeviceInfo_android.telephony.TelephonyManager_getLine1Number,API_DeviceInfo_android.telephony.TelephonyManager_getNetworkOperator,API_DeviceInfo_android.telephony.TelephonyManager_getNetworkOperatorName,API_DeviceInfo_android.net.wifi.WifiInfo_getMacAddress,API_DeviceInfo_android.telephony.TelephonyManager_getSimSerialNumber,API_DeviceInfo_android.telephony.TelephonyManager_getNetworkCountryIso,API_Network_java.net.URL_openConnection,API_Network_com.android.okhttp.internal.huc.HttpURLConnectionImpl_getInputStream,API_DexClassLoader_dalvik.system.BaseDexClassLoader_findResource,API_DexClassLoader_dalvik.system.BaseDexClassLoader_findLibrary,API_DexClassLoader_dalvik.system.DexClassLoader_$init,API_Base64_android.util.Base64_decode,API_Base64_android.util.Base64_encode,API_SystemManager_android.app.ApplicationPackageManager_setComponentEnabledSetting,API_SystemManager_android.content.BroadcastReceiver_abortBroadcast,API_DeviceData_android.content.ContentResolver_query,API_DeviceData_android.content.ContentResolver_registerContentObserver,API_DeviceData_android.os.SystemProperties_get,API_DeviceData_android.app.ApplicationPackageManager_getInstalledPackages,API__sessions,Network_TotalReceivedBytes,Battery_wakelock,Battery_service,Hash
1,2023-06-12 14:54:46,Backdoor,0.03764195336698166,0.031973954909797674,0.012821041878394585,0.031060954074705247,0.4180567076719952,0.022904957811879047,0.020809769679241502,0.00028860864229308546,0.0015982276203174634,0.009361478675299349,0.001806068880358748,0.008264462809917356,0.006531960049092956,0.010764009629933211,0.005763429704232353,0.004100399656874622,0.0,0.0,0.0,0.0,0.0,0.0,0.0,0.0,0.0,0.0,0.0,0.0,0.0,0.0,0.0,0.0,0.0,0.0,0.0,0.0,0.0,0.0,0.0,0.0,0.0,0.0,0.0,0.0,0.0,0.0,0.0,0.0,0.0,0.0,0.0,0.0,0.0,0.0,0.0,0.0,0.0,0.0,0.0,0.0034785702746552775,0.0,0.275,0.0,0.2727272727272727,0.0,0.5273978531485258
2,2023-06-12 14:54:48,PUA,0.04518760716086204,0.05353540128636799,0.00893191025861803,0.03491165138239457,0.5027817544290615,0.026920126312898928,0.026768401479824584,0.0011683445785268325,0.001984126984126984,0.008869179600886918,0.002242152466367713,0.008264462809917356,0.01173381921910775,0.014492724155409639,0.009381119164599128,0.007394112054900738,0.0,0.0,0.0,0.0,0.0,0.0,0.0,0.0,0.0,0.0,0.0,0.0,0.0,0.0,0.0,0.0,0.0,0.0,0.0,0.004399704055545298,0.0,0.0,0.0,0.005380529800412086,0.0005332493688026767,0.0,0.0,0.0,0.0,0.0,0.0,0.0,0.003765934735825712,0.0,0.0,0.0,0.0,0.0006072603039741722,0.0,0.0,0.0,0.0,0.0,0.0025908379665103946,0.0,0.16902124296670976,0.0,0.2727272727272727,0.0,0.3245378228252846
3,2023-06-12 14:54:48,Trojan_Spy,0.03767677826895,0.00013793166628214569,0.008358438513667969,0.04043124823573267,0.19574986664067429,0.011125432944879181,0.019057052385787605,0.0,0.0,0.011086474501108647,0.0,0.008264462809917356,0.007412896341739124,0.01484989533728787,0.005236396860237776,0.005882608577291296,0.0,0.0,0.0,0.0,0.0,0.0,0.0,0.0,0.0,0.0,0.0,0.0,0.0,0.0,0.0,0.0,0.0,0.0003595828838547285,0.0,0.000775239870465017,0.001055558122761402,0.0,0.0,0.0,0.0,0.0,0.0,0.0,0.0,0.0,0.0,0.0,0.0,0.0,0.0,0.0,0.0011328503494802329,0.0,0.0,0.00010757314974182444,0.0,0.00104900551248253,0.0008048283972881839,0.0005302099928867286,0.0,0.0125,0.0,0.2727272727272727,0.1,0.60741388528912
4,2023-06-12 14:54:48,Trojan_Dropper,0.08029900902458342,0.117328577643852,0.00884797586704904,0.05935771261026355,0.48843754651562316,0.09118896193817938,0.06303282277885412,0.015681461028778716,0.0037912047465778007,0.011759620984682344,0.0006806929688155544,0.01977538737038451,0.020596665030029705,0.02604991299756852,0.020561757660322016,0.01880553677493758,0.0,0.0,0.0,7.343782936921467e-05,0.0,0.00022893193159377476,0.0,0.0,0.0,0.0,0.0,0.0,0.0,0.0,0.0,0.0,0.0,0.004083758083746549,0.0,0.006583716831065509,0.0015441484166480327,0.0,0.0,0.0,0.0001256039202648143,0.0,0.0,0.0,0.0023687446799600773,0.0,0.0016366884510182439,0.0012547944791139868,0.0,0.0,0.0,0.00666421948237572,0.0,0.0,0.0,0.0,0.0,0.0,0.0029351262554150716,0.003497287784955042,0.0,0.01629486330114672,0.0,0.24512826690075115,0.1,0.07496607249885814
5,2023-06-12 14:54:49,Adware,0.0507855936303678,0.08420458819104927,0.011749394783305122,0.03588899910483149,0.4826132536301385,0.03338228834062195,0.013748331374719041,0.0011644571838050877,0.003968253968253968,0.011086474501108647,0.004484304932735426,0.008264462809917356,0.011198208286674132,0.017817371937639194,0.006224066390041494,0.0074119827053736875,0.0,0.0,0.0,0.0,0.0,0.0,0.0,0.0,0.0,0.0,0.0,0.0,0.0,0.0,0.0,0.0,0.0018307129011415034,0.0,0.0,0.0,0.004434589800443459,0.0,0.0,0.0,0.0,0.0,0.0,0.0,0.0,0.0,0.0,0.0,0.003937007874015748,0.023448275862068962,0.0,0.0,0.0,0.0,0.0,0.0,0.0,0.0,0.0,0.005186089078706528,0.0,0.2,8.575653222238338e-05,0.2727272727272727,0.0,0.9340955850112989
6,2023-06-12 14:54:50,Trojan_SMS,0.049990179247375935,0.04944898340568657,0.01160645026582321,0.03778819880486518,0.4176059142823512,0.024603905975015883,0.01060382985189252,0.0029239926659895207,0.004530079960044302,0.011086474501108647,0.002242152466367713,0.008264462809917356,0.011029653862919356,0.01399367550080697,0.006145996317213168,0.006083681840387267,0.0,0.0,0.0,0.0,0.0,0.0,0.0,0.0,0.0,0.0,0.0,0.0,0.0,0.0,0.0,0.0003121369140783171,0.0,0.0,0.0,0.0,0.0,0.021562219842362472,0.00036529755738674326,0.0,0.0,0.0,0.0,0.0,0.0,0.0,0.0,0.0,0.0,0.0,0.0,0.0,0.0,0.0,0.0,0.0,0.0,0.0,0.003942120736904234,0.0031657213964674993,0.0,0.08797037218879067,0.0,0.2727272727272727,0.0,0.24088413147370744
7,2023-06-12 14:54:51,Trojan_SMS,0.03240596461827437,0.015644979315532156,0.012495677023608005,0.029313139622093726,0.41123725826957824,0.009202011526281629,0.02429062032927539,0.0,0.0,0.008869179600886918,0.0,0.008264462809917356,0.0011198208286674132,0.004454342984409804,0.014522821576763486,0.0018529956763434219,0.0,0.0,0.0,0.0,0.0,0.0,0.0,0.0,0.0,0.0,0.0,0.0,0.0,0.0,0.0,0.0,0.0,0.0,0.0,0.0,0.0,0.0,0.0,0.0,0.0,0.0,0.0,0.0,0.0,0.0,0.0,0.0,0.0,0.0,0.0,0.0,0.0,0.0,0.0,0.0,0.0,0.0,0.0,0.0030506406345332518,0.0,0.25,0.0,0.18181818181818182,0.0,0.23164356302067524
8,2023-06-12 14:54:52,Backdoor,0.058674803772957036,0.10500983915269502,0.0074538930485684015,0.04118000304155887,0.37651361374708375,0.0335340487008342,0.031230229620392777,0.0033142242923683263,0.005952380952380952,0.013303769401330377,0.004484304932735426,0.008264462809917356,0.01343784994400896,0.015590200445434299,0.006224066390041494,0.00746646276903751,0.0,0.0,0.0,0.0,0.0,0.0,0.0,0.0,0.0,0.0,0.0,0.0,0.0,0.0,0.0,0.0,0.00021537798836958864,0.01109433948222493,0.0,0.0,0.0026084400136218554,0.04883357916983461,0.0,0.0,0.0,0.0,0.0,0.0,0.0,0.0,0.0,0.0,0.0,0.0,0.0,0.055728167979488444,0.0,0.0,0.0,0.0,0.0,0.0,0.0,0.008411795655200381,0.0,0.1455898388464136,0.0,0.36363636363636365,0.0,0.922507717724466
9,2023-06-12 14:54:53,Trojan_Dropper,0.04054349065034231,0.03392895448125771,0.009659014249409991,0.03385775866075952,0.43011950909811425,0.011522539315426001,0.013935633026626615,0.0013840878297049183,0.000155341119380468,0.011086474501108647,0.002242152466367713,0.008264462809917356,0.0031163709313298538,0.007553362184496167,0.01786004228041747,0.005231470997533377,0.0,0.0,0.0,0.0,0.0,0.0,0.0,0.0,0.0,0.00104596921905611,0.01419618327442641,0.0,0.007102918082116115,0.0,0.0,0.0,0.0,0.0,0.0,0.0,0.008174794464144071,0.002926057383594426,3.508960387583178e-05,0.0,8.311913390136569e-05,0.0,0.00020045847669252807,0.0,0.0,0.0,0.0,0.0,0.0,0.0,0.00013203095198857529,0.0,0.0026571764348316948,0.0,0.0,9.915104085975087e-05,0.0,0.0,0.0018039613863538222,0.006603931159623276,0.0,0.10293594715629086,1.2553993920535517e-06,0.3565189159847495,0.0,0.9943214586146805
10,2023-06-12 14:54:54,Adware,0.09000282539655591,0.30323429860849943,0.0084093267078032,0.043239058379503065,0.5223830660451008,0.03541807357675337,0.060241651168893406,0.000985309924758151,0.0,0.013303769401330377,0.002242152466367713,0.024793388429752067,0.0167973124300112,0.017817371937639194,0.01867219917012448,0.014206300185299569,0.0,0.01652892561983471,0.0,0.00168722977960561,0.006818181818181818,0.003616042077580539,0.0,0.0,0.0425531914893617,0.0022696323195642307,0.012910532276330692,0.0,0.0,0.04550625711035267,0.0,0.003216911764705882,0.0,0.005034160373966199,0.0,0.08035714285714285,0.0,0.0,0.0034659973706226846,0.00272975432211101,0.004238434484624403,0.021662763466042154,0.0023923444976076554,0.03405572755417957,0.011904761904761904,0.010799136069114472,0.012925969447708578,0.03963963963963964,0.0004631773969430292,0.0,0.0,0.10526315789473684,0.006126126126126126,0.017022709416738373,0.14839319470699433,0.0,0.0,0.0,0.0629800307219662,0.007779133618059792,0.1845238095238095,0.1375,0.0,0.36363636363636365,0.1,0.6354345846402913
11,2023-06-12 14:54:55,FileInfector,0.05456115274518724,0.04117767211694446,0.008806176388732372,0.04201177679210756,0.46291083349713424,0.039960265383553,0.026273412615795088,0.004120386958079541,0.003968253968253968,0.011086474501108647,0.002242152466367713,0.008264462809917356,0.010378715047083351,0.011733168233954198,0.002074688796680498,0.0024706609017912298,0.0,0.0,0.0,0.0,0.0,0.0,0.0,0.0,0.0,0.0,0.0,0.0,0.0,0.0,0.0,0.0,0.0,0.0,0.0,0.00613546500549072,0.004434589800443459,0.007200611228715662,0.0,0.0,0.0,0.0,0.0,0.0,0.0,0.0,0.0,0.0,0.0,0.0,0.0,0.0,0.0,0.0,0.0,0.0,0.0,0.0,0.0,0.0017818678112346451,0.0,0.10517166041761125,0.0,0.2727272727272727,0.0,0.24764745627993712
12,2023-06-12 14:54:56,Trojan_SMS,0.05767810608697128,0.008725084618277548,0.0072443983326962655,0.056642392277357075,0.3699730109517543,0.023265648664774034,0.035791299188791405,0.0021497671085632386,0.0,0.008869179600886918,0.002242152466367713,0.008264462809917356,0.002239641657334827,0.0089086859688196,0.006224066390041494,0.0061766522544780735,0.0,0.0,0.0,0.0,0.0,0.0,0.0,0.0,0.0,0.0,0.0,0.0,0.0,0.0,0.0,0.0,0.0,0.01222581805106077,0.0,0.0,0.004434589800443459,0.0,0.0,0.0,0.0,0.0,0.0,0.0,0.0,0.0,0.0,0.0,0.0,0.0,0.004870362412261854,0.0,0.0,0.0,0.0,0.0,0.0,0.0,0.0,0.02135448444173276,0.0,0.025,0.0,0.18181818181818182,0.0,0.5220749435056832
13,2023-06-12 14:54:57,Adware,0.030142009523890366,0.00022564874012786764,0.00918291195689765,0.03235187380543392,0.30461936519974125,0.009483939916470521,0.013851016007393293,0.0,0.0,0.008869179600886918,0.0,0.008264462809917356,0.00335946248600224,0.006681514476614699,0.004149377593360997,0.0049413218035824595,0.0,0.0,0.0,0.0,0.0,0.0,0.0,0.0,0.0,0.0,0.0,0.0,0.0,0.0,0.0,0.0,0.00010768899418479432,0.0003595828838547285,0.0,0.0005252100840336134,0.0,0.0,0.0,0.0002799748022677959,0.0,0.0,0.0,0.0,0.0,0.0,0.0,0.0,0.0002315886984715146,0.002758620689655172,0.0,0.0,0.0,0.0,0.0,0.00010757314974182444,0.0,0.0,0.0,0.0001525320317266626,0.0,0.0125,9.874759515554901e-06,0.36363636363636365,0.1,0.7918985463253397
14,2023-06-12 14:54:58,Trojan_Banker,0.035774715151114016,0.002724078479338154,0.009853474712109582,0.03484853742641611,0.38551677086823116,0.019453620288382847,0.025568345835265866,0.00020817461425552767,0.0,0.0114457443387458,0.0008684833309225378,0.008264462809917356,0.006324885539862736,0.03677930492132948,0.003681923508678224,0.004245482184011438,0.0,0.0,0.0,0.0,0.0,0.0001273318756053425,0.0,0.0,0.0,0.0,0.0,0.0,0.0,0.0,0.0,0.0,8.342527796499071e-05,0.003621335025306634,0.0,0.0,0.0008588549126196273,0.0,0.0,0.0,3.4930432463833705e-05,0.0,0.0,0.0,0.0,0.0,0.0,0.0,0.0,0.0,0.0,0.0,0.0,0.0,0.0,0.0,0.0,0.00046530860789149316,0.000594997796607453,0.0009453168165746232,0.0,0.004841794569893149,0.0,0.21703123323558654,0.2,0.928260393159539
15,2023-06-12 14:54:59,Trojan,0.052112196133450875,0.05742760436254231,0.011303445639709496,0.03765514238018049,0.4953271028037384,0.04042066338405859,0.02472417766723333,0.0051952705123611605,0.007936507936507936,0.011086474501108647,0.004484304932735426,0.008264462809917356,0.015677491601343786,0.013363028953229404,0.004149377593360997,0.004323656578134652,0.0,0.0,0.0,0.0,0.0,0.0,0.0,0.0,0.0,0.0,0.0,0.0,0.0,0.0,0.0,0.0,0.0,0.0,0.0,0.0,0.0,0.05714285714285714,0.0,0.0,0.0,0.0,0.0,0.0,0.0,0.0,0.0,0.0,0.001968503937007874,0.0,0.0,0.0,0.0,0.0,0.0,0.0,0.0,0.0,0.0,0.00533862111043319,0.0,0.21250000000000002,0.0,0.18181818181818182,0.0,0.22958615804917534
16,2023-06-12 14:55:00,FileInfector,0.055258000266288035,0.04082476420997773,0.009373124097770576,0.04306301202121938,0.5025459087146518,0.04604022504663644,0.023605508581885905,0.004989402193711596,0.004843225657521308,0.011086474501108647,0.002242152466367713,0.008264462809917356,0.009452391636495788,0.014345179802651984,0.004149377593360997,0.0037059913526868438,0.0,0.0,0.0,0.0,0.0,0.0,0.0,0.0,0.0,0.0,0.0,0.0,0.0,0.0,0.0,0.0,0.0,0.0,0.0,0.005020490687294779,0.004434589800443459,0.007749161052034093,0.0,0.0,0.0,0.0,0.0,0.0,0.0,0.0,0.0,0.0,0.0,0.0,0.0,0.0,0.0,0.0,0.0,0.0,0.0,0.0,0.0,0.0014580558676951282,0.0,0.07647535671523152,0.0,0.18181818181818182,0.0,0.6778791321846088
17,2023-06-12 14:55:01,PUA,0.0976761724702521,0.168915601994447,0.008133145487952244,0.06569564652628405,0.5117245286214599,0.09530124722035245,0.05875699828495491,0.009763525618058043,0.009111618958591146,0.013303769401330377,0.004484304932735426,0.024793388429752067,0.039331475856856944,0.02790813359697843,0.017698655570629277,0.019841264941428814,0.18181818181818182,0.01652892561983471,0.0,5.596878467186676e-05,0.0,0.000852155146328053,0.0,0.0,0.0,0.0,0.0,0.0,0.0,0.0,0.0,0.0,0.0,0.000719165767709457,0.0,0.008221512565765001,0.0,0.0014896762379577383,0.0,0.00019706643030308152,9.017945711966815e-05,0.00117096018735363,0.0009586220193279824,0.013646266392786571,0.0,0.0,0.005179487714300896,0.011545484765531645,0.0,0.0,0.0,0.009569377990430622,0.0,0.0,0.0,0.0,0.0,0.0,0.015360983102918587,0.0006910848055282661,0.02623657169565513,0.0125,0.4706744805320414,0.32097745318575566,0.1,0.1505800887666377
18,2023-06-12 14:55:02,Trojan_Banker,0.042918501681329276,0.0468857966328224,0.01191587046205333,0.03386942724991163,0.426438748950558,0.02447525540256294,0.012778105702134581,0.001336489042745617,0.002886951361872691,0.011086474501108647,0.002242152466367713,0.008264462809917356,0.008958566629339306,0.010122442123866737,0.005280034260614448,0.005052443517272795,0.0,0.0,0.0,0.0,0.0,0.0,0.0,0.0,0.0,0.0,0.0,0.0,0.0,0.0,0.0,0.0,0.0,0.0,0.0,0.0,0.0,0.0,0.0,0.0,0.0,0.0,0.0,0.0,0.0,0.0,0.0,0.034367888246064376,0.0,0.0,0.0,0.0,0.0,0.0,0.0,0.0,0.0,0.0,0.0,0.007351385159415993,0.0,0.2647488256808082,0.0,0.2727272727272727,0.0,0.4262351955260958
19,2023-06-12 14:55:03,Riskware,0.10763184476568002,0.29402030838661153,0.008254609657984312,0.06011177509496044,0.5515133941516294,0.034978789805993935,0.027587937978481865,0.002508061626657112,0.001984126984126984,0.008869179600886918,0.002242152466367713,0.024793388429752067,0.027995520716685332,0.0267260579064588,0.026970954356846474,0.022853613341568872,0.36363636363636365,0.0,0.052736715940870954,0.0,0.0,0.0046022353714661405,0.05263157894736842,0.0,0.02127659574468085,0.0006808896958692692,0.03759909399773499,0.0,0.0,0.12400455062571103,0.0,0.006893382352941176,0.0,0.001438331535418914,0.0,0.08928571428571429,0.04212860310421286,0.0,0.011324250029879288,0.021488066074053336,0.013797456939309225,0.08665105386416862,0.0034797738147020443,0.0,0.09863945578231292,0.0183585313174946,0.0,0.025225225225225224,0.005442334414080593,0.01793103448275862,0.0,0.21052631578947367,0.0,0.001122376445059673,0.057655954631379965,0.0,0.0,0.0,0.0,0.015405735204392921,0.08928571428571427,0.1875,3.1063898659364545e-05,0.2727272727272727,0.1,0.728456271712368
20,2023-06-12 14:55:04,PUA,0.03044782779039285,0.013976493122724558,0.009860622781611823,0.027762671027984204,0.3931651161373025,0.009168776889712812,0.02208164197297507,0.0,0.0,0.004197565409287687,0.0,0.008264462809917356,0.0011198208286674132,0.0024652516712945524,0.010373443983402491,0.004125575045562843,0.0,0.0,0.0,0.0,0.0,0.0,0.0,0.0,0.0,0.0,0.0,0.0,0.0,0.0,0.0,0.0,0.0,0.0,0.0,0.0,0.0,0.0,0.0,0.0,0.0,0.0,0.0,0.0,0.0,0.0,0.0,0.0,0.0,0.0,0.0,0.0,0.0,0.0,0.0,0.0,0.0,0.0,0.0,0.0,0.0,0.0,0.0,0.2727272727272727,0.0,0.8833678652367314
21,2023-06-12 14:55:05,Trojan_SMS,0.11817892061109625,0.18933996298129305,0.011215798129718518,0.08859225841660195,0.35494386884620865,0.0662024015661808,0.04162786232920384,0.0018688751559865879,0.004304495353794059,0.011462229841047021,0.004864272776484767,0.024793388429752067,0.03612832638567181,0.027103486989559483,0.013309682927062028,0.014975788457400675,0.18181818181818182,0.0179294682505141,0.0,0.0016711302637942667,0.0,0.0006574621959237344,0.0,0.0,0.0,0.0,0.0,0.0,0.0,0.0,0.0,0.0006503985160128203,0.0,0.0010787486515641855,0.0,0.01868946051951476,0.0,0.0018562946957336604,0.00023168992731768584,0.0006827324482024434,0.0005563590637850307,0.007224198663129047,0.0005621428510561338,0.0,0.0,0.0,0.0,0.0064589780705515375,0.0003473830477072719,0.0017183469138368147,0.001708016637413052,0.019138755980861243,0.0,0.0,0.0,0.0,0.0,0.0,0.021739895097448496,0.0013094467402617607,0.0,0.025,3.683067028369173e-05,0.36363636363636365,0.0,0.15702878919312005
22,2023-06-12 14:55:06,Trojan,0.08946469243946756,0.05342459288058725,0.008077153278700212,0.0756201504439155,0.5595441666821975,0.0799831344894265,0.06548102518686397,0.011651625594419361,0.00909343652214889,0.015521064301552107,0.004484304932735426,0.024793388429752067,0.039379825323993374,0.027901330369089122,0.03734439834024896,0.04327078114357136,0.0,0.0,0.0,0.0,0.0,0.0,0.0,0.0,0.0,0.0,0.014816966702794329,0.00020755500207555002,0.0,0.0,0.0028177199234997764,0.0,0.0,0.0010787486515641855,0.15625,0.0015756302521008404,0.0198328277795077,0.0,0.0008963786303334528,0.00031303301352831155,0.0003131303692198563,0.0,0.0,0.0,0.0,0.0,0.0,0.0,0.0,0.0,0.0004973933052970902,0.0,0.0,0.0,0.0,0.0,0.0,0.017196184728466887,0.06483633486393008,0.0004575960951799878,0.0,0.0125,1.357462834401589e-05,0.7272727272727273,0.1,0.713059107963042
23,2023-06-12 14:55:07,Trojan_Banker,0.0466965859243968,0.037947577576052195,0.009918707071637011,0.03891691263114777,0.42031929979207594,0.03286692643956178,0.029190111870442063,0.0048231340571944946,0.007631160517930746,0.013133153992280594,0.004311776794884637,0.008264462809917356,0.012059526709468808,0.013020278176029172,0.005904781952359122,0.00589148530148937,0.0,0.0,0.0,0.0,0.0,0.0,0.0,0.0,0.0,0.0,0.0,0.0,0.0,0.0,0.0,0.0,0.0,0.0,0.0,0.0,0.0,0.0,0.0,0.0,0.0,0.0,0.0,0.0,0.0,0.0,0.0,0.0,0.0,0.0,0.0,0.0,0.0,0.0,0.0,0.0,0.0,0.0,0.0,0.007990301953042768,0.0,0.18461446689444555,0.0,0.18181818181818182,0.0,0.05538129447873453
24,2023-06-12 14:55:08,PUA,0.06909283217268727,0.02446356720624871,0.008833677975771748,0.05609698966910032,0.4671372852199347,0.0761486012837803,0.08132277598374793,0.024646748508942263,0.006631941780220558,0.013683479664336098,0.004868272037254665,0.008264462809917356,0.018941069804806504,0.020425945052595946,0.00812111065496309,0.008541538401102175,0.0,0.0,0.0,0.0,0.0,0.0009017508241540529,0.0,0.0,0.0,0.0,0.0,0.0,0.0,0.0,0.0,0.0,0.0,0.0007807440951512336,0.0,0.0,0.0,0.0005436486622716848,0.0,0.0,9.790104286299851e-05,0.00117096018735363,0.0010688071630474577,0.015214784321028515,0.0,0.0,0.00577482413124819,0.008854730334580558,0.0,0.0,0.0,0.0,0.0,0.0,0.0,0.0,0.0,0.0,0.0,0.0003311850714788866,0.029252234141025055,0.0125,0.787901483830891,0.26494321233565543,0.1,0.16804357899050562
25,2023-06-12 14:55:09,Trojan_Spy,0.04718412248397224,0.009326814591951862,0.009537851071188045,0.04591972515907387,0.40996587335221824,0.009257741556900363,0.010028865791185093,0.0,0.0,0.008869179600886918,0.0,0.008264462809917356,0.002239641657334827,0.004454342984409804,0.004149377593360997,0.0049413218035824595,0.0,0.0,0.0,0.0,0.0,0.0,0.0,0.0,0.0,0.0,0.0,0.0,0.0,0.0,0.0,0.0,0.0,0.0,0.0,0.0,0.0,0.0,0.0,0.0,0.0,0.0,0.0,0.0,0.0,0.0,0.0,0.0,0.0,0.0,0.0,0.0,0.0,0.0,0.0,0.02323580034423408,0.0,0.0,0.0,0.0036607687614399025,0.0,0.025,0.0,0.18181818181818182,0.0,0.9237411042530945
26,2023-06-12 14:55:10,Trojan_Banker,0.03191965312200417,0.024473771063409963,0.01068191567647322,0.0282428075992249,0.3839194214579211,0.012925435415532108,0.034634622918599596,0.0,0.0,0.008869179600886918,0.0,0.008264462809917356,0.0011198208286674132,0.04031199054141005,0.002074688796680498,0.0012353304508956149,0.0,0.0,0.0,0.0,0.0,0.0,0.0,0.0,0.0,0.0,0.0,0.0,0.0,0.0,0.0,0.0,0.0,0.0,0.0,0.0,0.0,0.0,0.0,0.0,0.0,0.0,0.0,0.0,0.0,0.0,0.0,0.0,0.0,0.0,0.0,0.0,0.0,0.0,0.0,0.0,0.0,0.0,0.0,0.0,0.0,0.0,0.0,0.2428033475495951,0.0,0.4413302303619009
27,2023-06-12 14:55:11,Trojan_Dropper,0.05571849062110174,0.03731871397310508,0.010006228429259153,0.042876586035737144,0.4291929613971377,0.03578817702438695,0.02202963687390737,0.0014607708633793545,0.0056091497612932115,0.015137497737675785,0.0040964382952730465,0.008264462809917356,0.017142268666032603,0.02150116472023064,0.007939857841684187,0.009455247633580677,0.0,0.0,0.0,0.0,0.0,0.0,0.0,0.0,0.0,0.0,0.0,0.0,0.0,0.0,0.0,0.0,0.0,0.010365699920780935,0.0,0.0,0.0,0.09151432215775168,0.0,0.0,0.0,0.0,0.0,0.0,0.0,0.0,0.0,0.0,0.0,0.0,0.0,0.0,0.0,0.0,0.0,0.0,0.0,0.0,0.01228878648233487,0.006837555137231815,0.0,0.1,0.0,0.2727272727272727,0.1,0.7795094366417853
28,2023-06-12 14:55:12,Trojan,0.07978410574986387,0.0550582925911997,0.008099892608165422,0.06722473568335229,0.5256842058305267,0.06349617429730989,0.05737789085764487,0.009226083840917233,0.005952380952380952,0.017738359201773836,0.004484304932735426,0.024793388429752067,0.030235162374020158,0.0244988864142539,0.03112033195020747,0.036442248301420635,0.0,0.0,0.0,0.0,0.0,0.0,0.0,0.0,0.0,0.0,0.012004530011325029,0.00041511000415110004,0.0,0.0,0.0043535045711798,0.0,0.0,0.0017979144192736426,0.25,0.0015756302521008404,0.017738359201773836,0.0,0.0008963786303334528,0.00020998110170084694,0.0001803589142393363,0.0,0.0,0.0,0.0,0.0,0.0,0.0,0.0,0.0,0.00028649190660363845,0.0,0.0,0.0,0.0,0.0,0.0,0.01388147357180993,0.05529953917050691,0.0004575960951799878,0.0,0.0125,1.1430756104431077e-05,0.6363636363636364,0.1,0.751998381058383
29,2023-06-12 14:55:13,Scareware,0.1102300559382309,0.3977121122879815,0.009136404970242921,0.051590986517997435,0.4303211772229996,0.06360424693350725,0.029650553267871672,0.0007127588749168592,0.0022554535372935986,0.011389686436354709,0.0025487636385559953,0.024793388429752067,0.031508117113993254,0.03148496343607122,0.012731843532771731,0.013926494336741136,0.36363636363636365,0.009394616386743587,0.0,0.0014862373365356733,0.0,0.003899819663775157,0.0,0.0,0.0,0.0,0.0,0.0,0.0,0.0,0.0,0.0,0.0,0.0,0.0,0.08794800717900005,0.0,0.0,0.0,0.0,0.0,0.0,0.0,0.0,0.0,0.0,0.0,0.02539457416642845,0.0,0.0,0.0,0.11352393700673707,0.0,0.0,0.0,0.0,0.0,0.0,0.18620932169531848,0.011218272472724816,0.0,0.14829064271505035,0.0,0.18181818181818182,0.0,0.0602641912061343
30,2023-06-12 14:55:14,Trojan_Dropper,0.05632508541415742,0.05535866406229693,0.008049340609023235,0.04249583492465527,0.4101091507874781,0.03423875196295957,0.012578990735693277,0.002009734847593131,0.005129271255146052,0.014601225526815101,0.003554154064111234,0.008264462809917356,0.01390240457716281,0.01819667132558401,0.007438076167206661,0.007622366183060187,0.0,0.0,0.0,0.0,0.0,0.0,0.0,0.0,0.0,0.0,0.0,0.0,0.0,0.0,0.0,0.0,0.0,0.009559565880112768,0.0,0.0,0.001297456125484724,0.0806820548806552,0.0,0.0,0.0,0.0,0.0,0.0,0.0,0.0,0.0,0.0,0.0,0.0,0.0,0.0,0.0,0.0,0.0,0.0,0.0,0.0,0.012926032699548985,0.00644364579960634,0.0,0.10518559109257987,0.0,0.2727272727272727,0.1,0.810432275371031
31,2023-06-12 14:55:15,Trojan_Dropper,0.08088881175478509,0.03840232660907133,0.008339562167491571,0.06644591520536768,0.5336885403878892,0.07036286502572649,0.04615010425630619,0.017378339882973902,0.011904761904761904,0.011880232254279486,0.005286961315426117,0.008264462809917356,0.02279729534902581,0.028320644751358794,0.013933546666722193,0.01570842432780741,0.0,0.0,0.01429410198956435,0.0,0.0,0.0,0.004048582995951417,0.0,0.0425531914893617,0.0013617793917385383,0.005436013590033975,0.0,0.0,0.01820250284414107,0.0,0.0013446901470403748,0.0,0.0,0.0,0.0014264545658403864,0.0,0.006349206349206349,0.0,0.002924206431012779,0.0033166324537721678,0.015555070850866399,0.0,0.0,0.006802721088435374,0.005399568034557236,0.0,0.0,0.0002315886984715146,0.002758620689655172,0.0,0.0,0.0,0.0,0.005671077504725898,0.0,0.0,0.0,0.001099799528970962,0.0021900525849115385,0.0,0.0125,4.963520610357393e-06,0.2727272727272727,0.0,0.42316424870512465
32,2023-06-12 14:55:16,FileInfector,0.05429569287396468,0.038839111877960096,0.009152217043132347,0.04181161129529135,0.49491977180965846,0.03997236125659059,0.02614473446018549,0.004120386958079541,0.003968253968253968,0.011086474501108647,0.002242152466367713,0.008264462809917356,0.010778353668780615,0.011970891255632322,0.0028525522277570757,0.0029338235624199018,0.0,0.0,0.0,0.0,0.0,0.0,0.0,0.0,0.0,0.0,0.0,0.0,0.0,0.0,0.0,0.0,0.0,0.0,0.0,0.008403361344537815,0.004434589800443459,0.01150815817847965,0.0,0.0,0.0,0.0,0.0,0.0,0.0,0.0,0.0,0.0,0.0,0.0,0.0,0.0,0.0,0.0,0.0,0.0,0.0,0.0,0.0,0.0024405125076266015,0.0,0.1421866271722364,0.0,0.2727272727272727,0.0,0.7279111344063676
33,2023-06-12 14:55:17,Trojan_Banker,0.10373050814236048,0.20689762204877565,0.00888967747282657,0.0721668789893421,0.5114333005964113,0.10217977329202363,0.052067194851490944,0.025707999397314985,0.002086121255423758,0.011086474501108647,0.00023051620059898683,0.02564305971460453,0.02687569988801792,0.028953229398663703,0.026651005522405142,0.03398598076470791,0.18181818181818182,0.0,0.0001232244012790429,0.0018005597353997328,0.0,0.0003287310979618672,0.0,0.0,0.0,0.0,0.0,0.0,0.0,0.0,0.0,7.087101939371423e-05,0.0,0.002120528505765139,0.0,0.013331480381931255,0.038087623495039497,0.0,0.0,0.0004389601563306528,0.0016346030375623808,0.00012038668087488071,2.2359770654012208e-05,0.0,0.003226513221994646,0.0,0.012818849827924673,0.031043105061254756,4.1666951034624646e-05,0.00042542162262268186,3.681787189054151e-05,0.009569377990430622,0.0,0.0,0.0,0.0,0.0,0.0,0.0,0.0032145680248315536,0.0,0.0125,0.0002098797482579717,0.36363636363636365,0.0948594887266426,0.2033492782470634
34,2023-06-12 14:55:18,Adware,0.05273063057273092,0.03497555471981948,0.011722091774513554,0.0403309704110517,0.5093792518903486,0.040305925085725905,0.02504364096888656,0.0030455034037979215,0.003968253968253968,0.008869179600886918,0.002242152466367713,0.008264462809917356,0.010078387458006719,0.0089086859688196,0.004149377593360997,0.0037059913526868438,0.0,0.0,0.0,0.0,0.0,0.0,0.0,0.0,0.0,0.0,0.0,0.0,0.0,0.0,0.0,0.001838235294117647,0.0004307559767391773,0.011147069399496584,0.0,0.0,0.004434589800443459,0.0,0.0,0.0,0.0035169988276670576,0.02224824355971897,0.0,0.0,0.0,0.0,0.022326674500587545,0.0,0.0022000926354793886,0.0,0.0034379028792436614,0.0,0.0,0.0,0.0,0.0,0.0,0.0010678056593699946,0.0,0.0028981086028065893,0.0,0.15000000000000002,0.0,0.2727272727272727,0.1,0.5117879186481837
35,2023-06-12 14:55:19,Trojan_Banker,0.05279557447480357,0.06769491729485666,0.010260917172687088,0.037837971231638845,0.39344569681591857,0.0271345126629772,0.016421291089541868,0.002508061626657112,0.003968253968253968,0.011086474501108647,0.002242152466367713,0.008264462809917356,0.011198208286674132,0.009168576489034798,0.002316785982524116,0.00261481265420213,0.0,0.0,0.0,0.0,0.0,0.0,0.0,0.0,0.0,0.0,0.0,0.0,0.0,0.0,0.0,0.0,0.0,0.0,0.0,0.0,0.0,0.0,0.0,0.0,0.0,0.0,0.0,0.0,0.0,0.0,0.0,0.0,0.0,0.0,0.0,0.0,0.0,0.0,0.0,0.0,0.0,0.0,0.0,0.007779133618059792,0.0,0.17500000000000002,0.0,0.18181818181818182,0.0,0.6046746939188505
36,2023-06-12 14:55:20,Trojan_Banker,0.030627098919292887,0.011617831543726276,0.012013009291586513,0.028517410564112233,0.4003135686289573,0.012632855311082221,0.03475973861550409,0.0,0.0,0.008869179600886918,0.0,0.008264462809917356,0.0011198208286674132,0.020735612384473124,0.002074688796680498,0.0014483354043766422,0.0,0.0,0.0,0.0,0.0,0.0,0.0,0.0,0.0,0.0,0.0,0.0,0.0,0.0,0.0,0.0,0.0,0.0,0.0,0.0,0.0,0.0,0.0,0.0,0.0,0.0,0.0,0.0,0.0,0.0,0.0,0.0,0.0,0.0,0.0,0.0,0.0,0.0,0.0,0.0,0.0,0.0,0.0,0.0,0.0,0.0,0.0,0.21316863815325304,0.0,0.16108474169761738
37,2023-06-12 14:55:21,PUA,0.1044940633369809,0.04330495318503874,0.007560522355483613,0.09131427239545145,0.46856238636033987,0.05902609498119944,0.030383730956095586,0.009818907344284125,0.00992063492063492,0.014983338331338086,0.008424855577205105,0.008264462809917356,0.024755079542459472,0.029493350584780684,0.02942454297323384,0.012784188318694049,0.0,0.0,0.0,0.0,0.0,0.0,0.038643374593525744,0.010640929235898395,0.0,0.0,0.00534717414241539,0.0,0.0,0.00706777254019638,0.0002704646087432572,0.0,0.0,0.0,0.0,0.0,0.004434589800443459,0.02453188329428435,0.0,0.01637527813173175,9.017945711966815e-05,0.00117096018735363,0.00021748586341887777,0.0030959752321981426,0.003401360544217687,0.0,0.0,0.0,0.0,0.0,0.0,0.0,0.0,0.0,0.0,0.0,0.0,0.0,0.002862936434485077,0.003321224003912152,0.0,0.0125,1.6766833049108933e-06,0.3980675267015217,0.0,0.7794038618411204
38,2023-06-12 14:55:22,Backdoor,0.07958425574440087,0.044108491846240716,0.008162853039705478,0.06489137549526225,0.5205463940623667,0.06873552446981974,0.06081447219402265,0.01515363456875068,0.016273359364295265,0.013303769401330377,0.006726457399103139,0.008264462809917356,0.022992330631127423,0.03771870265658445,0.02573349842159674,0.01671667850969338,0.0,0.0,0.015020556836112814,0.0,0.0,0.0,0.004048582995951417,0.0,0.0425531914893617,0.0013617793917385383,0.005436013590033975,0.0,0.0,0.01820250284414107,0.0,0.0019605126961389683,0.0,0.0,0.0,0.0010504201680672268,0.0,0.006349206349206349,0.0,0.003102847213130257,0.003546792148434663,0.01611952649508009,0.0,0.0,0.006802721088435374,0.005399568034557236,0.0,0.0,0.0002315886984715146,0.002758620689655172,0.0,0.0,0.0,0.0,0.005671077504725898,0.0,0.0,0.0,0.0019448166310267207,0.002287980475899939,0.0,0.0125,4.844709600822221e-06,0.2727272727272727,0.0,0.14056695045970966
39,2023-06-12 14:55:23,PUA,0.032551454198149615,0.017403982271824072,0.0069578469789807855,0.026835480789106855,0.3721829175744073,0.004435481908652083,0.012209617192430645,0.0,0.0,0.003474247739969286,0.0,0.008264462809917356,0.0011198208286674132,0.00415641099899266,0.010373443983402491,0.0018529956763434219,0.0,0.0,0.014947845876118967,0.0,0.0,0.0,0.0,0.0,0.0,0.0,0.0,0.0,0.0,0.0,0.0,0.0,0.0,0.0,0.0,0.0,0.0,0.0,0.0,0.0,0.0,0.0,0.0,0.0,0.0,0.0,0.0,0.0,0.0,0.0,0.0,0.0,0.0,0.0,0.0,0.0,0.0,0.0,0.0,0.0030389347752588754,0.0,0.28041392836592316,0.0,0.18181818181818182,0.0,0.8592056636292654
40,2023-06-12 14:55:24,Trojan_SMS,0.039783346834242284,0.04240882455414663,0.010781706931776422,0.031508608458890544,0.4550349691559907,0.015662070221059456,0.017566610940243872,0.0007873408522986736,0.0007102671726438069,0.009662914977854719,0.002242152466367713,0.008264462809917356,0.004562064910456256,0.009705956915395277,0.010656022323444337,0.0027758971061844656,0.0,0.0,0.0,0.0,0.0,0.0,0.0,0.0,0.0,0.0,0.0,0.0,0.0,0.0,0.0,0.0,0.0,0.0,0.0,0.0,0.0,0.009659633547955775,0.0,0.0,0.0011000524442928042,0.0,0.0,0.0,0.032796004574787485,0.0,0.0,0.0,0.0006690861631412334,0.0,0.0,0.0,0.0,0.0,0.0,0.0,0.0,0.0,0.018738066904397704,0.0038263528272135658,0.0,0.23302531681234404,2.014028736291198e-05,0.2727272727272727,0.0,0.2858027285338355
41,2023-06-12 14:55:25,Trojan,0.08990357010471516,0.05264167810653072,0.007946451586704612,0.07855669278192179,0.5094820923612972,0.07298390318695085,0.0693297667299324,0.012527932325338439,0.003968253968253968,0.01987793378939618,0.006647865782550847,0.024793388429752067,0.03351612125199928,0.028875162893135145,0.04327757791715915,0.049706128527032226,0.0,0.0,0.0,0.0,0.0,0.0,0.0,0.0,0.0,0.0,0.01679700007620029,0.00041511000415110004,0.0,0.0,0.0039639336451662895,0.0,0.0,0.0017979144192736426,0.21875,0.0021008403361344537,0.017738359201773836,0.0030633274254529457,0.001328858075931193,0.0002824282117297069,0.0002736993291534243,0.0,1.5246568500357615e-05,0.00021703938688744372,0.0,0.0,8.237805166233175e-05,0.00012631301254890868,0.0,0.0,0.00043475889714687327,0.0,0.0,0.0,0.0,0.0,0.0,0.019529833245174655,0.07155050333058699,0.0006047815953352162,0.0,0.0125,1.6814093947981832e-05,0.7272727272727273,0.1,0.38674262411086996
42,2023-06-12 14:55:26,Trojan_Dropper,0.05685245150893771,0.05359452665821711,0.008687688402642845,0.04033096417089109,0.43504641733051225,0.03471191739393503,0.017078294448899155,0.0018299419786450277,0.005952380952380952,0.015521064301552107,0.004484304932735426,0.008264462809917356,0.01458996828093833,0.020744110356528688,0.007587246421246247,0.008611684157037768,0.0,0.0,0.0,0.0,0.0,0.0,0.0,0.0,0.0,0.0,0.0,0.0,0.0,0.0,0.0,0.0,0.0,0.011115956481613168,0.0,0.0,0.002913759534548518,0.08979448849270938,0.0,0.0,0.0,0.0,0.0,0.0,0.0,0.0,0.0,0.0,0.0,0.0,0.0,0.0,0.0,0.0,0.0,0.0,0.0,0.0,0.01228878648233487,0.00591795428246713,0.0,0.1,0.0,0.36363636363636365,0.1,0.3528837963726696
43,2023-06-12 14:55:27,Adware,0.06607911352879903,0.05156073711921775,0.00921021496568922,0.055156896426584084,0.43432293176900943,0.027989588318985584,0.019418804979063745,0.001254030813328556,0.003968253968253968,0.013303769401330377,0.004484304932735426,0.008264462809917356,0.01343784994400896,0.013363028953229404,0.004149377593360997,0.004323656578134652,0.0,0.0,0.0,0.0,0.0,0.0,0.0,0.0,0.0,0.007716749886518384,0.0011325028312570782,0.0,0.0,0.00341296928327645,0.0,0.0,0.0,0.0,0.0,0.0,0.0,0.0,0.026592566033225767,0.0,0.0001803589142393363,0.00117096018735363,0.00021748586341887777,0.006191950464396285,0.0,0.0,0.0011750881316098707,0.0,0.0,0.0,0.0,0.028708133971291863,0.0007207207207207207,0.0,0.0,0.0,0.0,0.0,0.0,0.0007626601586333129,0.005952380952380952,0.025,0.0,0.2727272727272727,0.0,0.6700394617019123
44,2023-06-12 14:55:28,Backdoor,0.03544201232106867,0.004332103434379454,0.00899586355543312,0.03611176915979319,0.35553432499256965,0.01659731897691032,0.028838886632004238,0.0,0.0,0.008869179600886918,0.0,0.008264462809917356,0.00335946248600224,0.006681514476614699,0.006224066390041494,0.007262971407877263,0.0,0.0,0.0,0.0,0.0,0.0,0.0,0.0,0.0,0.0,0.0,0.0,0.0,0.0,0.0,0.0,0.0,0.0003595828838547285,0.0,0.0005252100840336134,0.0,0.0,0.0,0.00013998740113389796,0.0,0.0,0.0,0.0,0.0,0.0,0.0,0.0,0.0002315886984715146,0.002758620689655172,0.0,0.0,0.0,0.0,0.0,0.0,0.0,0.0,0.0,0.0047284929835265405,0.0,0.0125,1.0066738136964245e-05,0.36363636363636365,0.1,0.5164518203885224
45,2023-06-12 14:55:29,Adware,0.1526659981107434,0.2722828130876269,0.008181801634540128,0.11024121162267438,0.5781901724176388,0.11608565377882392,0.09416180816228735,0.008240773916159082,0.003968253968253968,0.013303769401330377,0.004484304932735426,0.024793388429752067,0.03919372900335946,0.044543429844098,0.01867219917012448,0.02038295243977764,0.2727272727272727,0.024793388429752067,0.0,0.00031635558367605187,0.0,0.0009861932938856016,0.0,0.0,0.0,0.0,0.0,0.0,0.0,0.0,0.0,0.0,0.0,0.0003595828838547285,0.0,0.014705882352941176,0.0066518847006651885,0.0,0.0,0.038916497515223636,0.0,0.0,0.0,0.0,0.0,0.0,0.0,0.005405405405405406,0.0,0.0,0.00028649190660363845,0.009569377990430622,0.0,0.0,0.0,0.0,0.0,0.0,0.015360983102918587,0.0007626601586333129,0.0,0.0125,0.01597170586147363,0.36363636363636365,0.1,0.7361462443927282
46,2023-06-12 14:55:30,PUA,0.060341265039790246,0.06926259474313047,0.008988103369919545,0.046179341251881,0.5334843937537077,0.05434795214584333,0.06521134647107345,0.0033148040487258556,0.004117384543649576,0.01568772019955518,0.004652829170402212,0.008264462809917356,0.01990427163494047,0.02483368289532021,0.012292195414939033,0.01349578528721509,0.0,0.0,0.0,0.0,0.0,0.0,0.0,0.0,0.0,0.0,0.0,0.0,0.0,0.0,0.0,0.0,0.0,0.0,0.0,0.0015756302521008404,0.0,0.02126778653969033,0.0,0.0033176108014282154,0.00036749587970054886,0.0,0.0,0.0,0.0,0.0,0.0,0.0,0.0,0.0,0.0,0.0,0.0,0.0,0.0,0.0,0.0,0.0,0.004492839001537041,0.0016319940146434495,0.0,0.025,0.0,0.37046925545448967,0.1,0.8985800532901616
47,2023-06-12 14:55:31,Ransomware,0.051688992958335706,0.015231289958631064,0.006980469247711098,0.04849393946725377,0.3654897062431691,0.0552514080028324,0.021666457494266773,0.008599068434252954,0.001984126984126984,0.013303769401330377,0.004484304932735426,0.008264462809917356,0.011198208286674132,0.017817371937639194,0.006224066390041494,0.0061766522544780735,0.0,0.0,0.0,0.0,0.0,0.0,0.0,0.0,0.0,0.0,0.0,0.0,0.0,0.0,0.0,0.0,0.0,0.0,0.0,0.0,0.0,0.0,0.0,0.0,0.0,0.0,0.0,0.0,0.0,0.0,0.0,0.0,0.0,0.0,0.0,0.0,0.0,0.0,0.0,0.0,0.0,0.0,0.0,0.0007626601586333129,0.0,0.0125,0.0,0.2727272727272727,0.0,0.01052312050996661
48,2023-06-12 14:55:32,Backdoor,0.06689422848335616,0.09364576787875042,0.00851440196282485,0.04965821194629994,0.5203270913293706,0.06748882932322187,0.03440685934115134,0.016271511057168432,0.008546051057571336,0.015861651588709485,0.0048287104630223695,0.008264462809917356,0.019897003731847572,0.027068162286209306,0.00798007289106229,0.010310556063609665,0.0,0.0,0.0,0.0,0.0,0.0,0.0,0.0,0.0,0.0,0.0,0.0,0.0,0.0,0.0,0.0,0.0,0.0016322133766544658,0.0,0.0009697453432206004,0.0018767076130643532,0.01807235005391761,0.0,0.0,1.3852003472628437e-05,0.0,0.0,0.0,0.0,0.0,0.0001804992555910418,0.0,0.0,0.0,0.0,0.0,0.0,0.0,0.0,0.0,0.0,0.0,0.004372342754980067,0.0014550313301519326,0.0,0.023079939168650292,2.3357182819235282e-05,0.2866913515007251,0.1,0.4197443421363284
49,2023-06-12 14:55:33,Trojan_Spy,0.04553037016119041,0.009814935821255668,0.009313547012344105,0.04436989529423536,0.38081320012225944,0.009250604968131692,0.00871664120594115,0.0,0.0,0.008869179600886918,0.0,0.008264462809917356,0.002239641657334827,0.004454342984409804,0.004149377593360997,0.004773242795616686,0.0,0.0,0.0,0.0,0.0,0.0,0.0,0.0,0.0,0.0,0.0,0.0,0.0,0.0,0.0,0.0,0.0,0.0,0.0,0.0,0.0,0.0,0.0,0.0,0.0,0.0,0.0,0.0,0.0,0.0,0.0,0.0,0.0,0.0,0.0,0.0,0.0,0.0,0.0,0.020021804869048324,0.0,0.0,0.0,0.0031544081428830795,0.0,0.0125,0.0,0.2727272727272727,0.0,0.5152130288492318
50,2023-06-12 14:55:34,Trojan_Dropper,0.05684438758890997,0.040072052715381,0.007131292555389649,0.04282382201668474,0.4239310904014601,0.037033111716828264,0.01813984697948362,0.0022919737391869444,0.005103498811713838,0.014572424392691297,0.0035250300473178807,0.008264462809917356,0.014401810756460106,0.020044543429844096,0.0071116941885813805,0.008469021862621927,0.0,0.0,0.0,0.0,0.0,0.0,0.0,0.0,0.0,0.0,0.0,0.0,0.0,0.0,0.0,0.0,0.0,0.007962720892559349,0.0,0.0,0.0,0.07029945016573826,0.0,0.0,0.0,0.0,0.0,0.0,0.0,0.0,0.0,0.0,0.0,0.0,0.0,0.0,0.0,0.0,0.0,0.0,0.0,0.0,0.006801592317812942,0.004859010554879873,0.0,0.06069591497240563,0.0,0.2727272727272727,0.1,0.22529211533417046
51,2023-06-12 14:55:35,Trojan_Spy,0.04348751062874927,0.007873443104347353,0.009299521403160482,0.04371757375714657,0.3325620028680494,0.00925743473478483,0.00854395310166241,0.0,0.0,0.008869179600886918,0.0,0.008264462809917356,0.002239641657334827,0.004454342984409804,0.006029888730775411,0.006061033191147311,0.0,0.0,0.0,0.0,0.0,0.0,0.0,0.0,0.0,0.0,0.0,0.0,0.0,0.0,0.0,0.0,0.0,0.0,0.0,0.0,0.0,0.0,0.0,0.0,0.0,0.0,0.0,0.0,0.0,0.0,0.0,0.0,0.0,0.0,0.0,0.0,0.0,0.0,0.0,0.0191819400417607,0.0,0.0,0.0,0.0030220885809132845,0.0,0.0125,0.0,0.2727272727272727,0.0,0.19050920536967927
52,2023-06-12 14:55:36,Trojan_SMS,0.04900211603297938,0.04602482473005594,0.012088825976355022,0.039598894908124356,0.47448584072170064,0.039428282258086395,0.038465608148996716,0.0033498910818853464,0.0027086080088136646,0.013303769401330377,0.0025150511483124716,0.008264462809917356,0.008247635427146793,0.01613235105633569,0.004149377593360997,0.0043988343496895385,0.0,0.0,0.0,0.0,0.0,0.0,0.0,0.0,0.0,0.0,0.0,0.0,0.0,0.0,0.0,0.0,0.0,0.005252989593936286,0.0,0.0010504201680672268,0.024178680023666826,0.006735596229039246,0.0007085500798380906,0.0,9.878395791561561e-05,0.0,0.00023823734435107899,0.00829003674068722,0.0,0.0,0.0,0.0,0.0003241540851539296,0.0,0.0,0.0,0.0,0.0,0.0,0.0,0.0,0.0,0.0,0.002384817200054593,0.0,0.14543576954447393,0.0,0.36363636363636365,0.1,0.3095691473157169
53,2023-06-12 14:55:37,Trojan,0.10953976248006383,0.16270944152577677,0.007993244102992587,0.08010707186180097,0.4733370616712311,0.13237139901370748,0.0655567478519751,0.02339888330609903,0.027777777777777776,0.011086474501108647,0.004484304932735426,0.024793388429752067,0.04375157880755602,0.039461747107752104,0.05394190871369295,0.02814289752763349,0.18181818181818182,0.06611570247933884,0.0,0.00031635558367605187,0.0,0.0003287310979618672,0.0,0.0,0.0,0.0,0.0,0.0,0.0,0.0,0.0,0.0,0.0,0.0,0.0,0.010208324003551147,0.0,0.006349206349206349,0.0,0.0,0.0,0.0,0.0,0.0,0.0,0.0,0.0,0.014414414414414415,0.0,0.0,0.00014324595330181923,0.009569377990430622,0.0,0.0,0.0,0.0,0.0,0.0,0.04915514592933948,0.0007626601586333129,0.0,0.0125,1.1004353695572523e-05,0.2727272727272727,0.0,0.9087089671737927
54,2023-06-12 14:55:38,Adware,0.1474190063092439,0.3211357653253103,0.008382023699011632,0.09824111484770039,0.5640488033368278,0.10646730614144938,0.07634031969148973,0.01155499820852741,0.003968253968253968,0.013303769401330377,0.006726457399103139,0.024793388429752067,0.04591265397536394,0.0400890868596882,0.016597510373443983,0.017912291537986413,0.36363636363636365,0.04132231404958678,0.0,0.0013708741959295582,0.00909090909090909,0.0009861932938856016,0.016194331983805668,0.0,0.0,0.0,0.0,0.0,0.0,0.0,0.0,0.0,0.0,0.0,0.0,0.019432773109243698,0.0,0.009523809523809525,0.0,0.021068103870651642,0.0,0.0,0.0,0.0,0.0,0.0,0.0,0.010810810810810811,0.002315886984715146,0.011034482758620689,0.0,0.009569377990430622,0.0,0.0,0.0,0.0,0.0,0.0,0.015360983102918587,0.0009151921903599756,0.0,0.0125,0.002001395224642158,0.18181818181818182,0.0,0.18638065364767784
55,2023-06-12 14:55:39,Ransomware,0.04825281993146838,0.05050146872889649,0.011060283780996143,0.03380250022375207,0.45361260596596686,0.029537891931305574,0.022268050539790987,0.0002687208885704048,0.001984126984126984,0.011086474501108647,0.0,0.008264462809917356,0.007838745800671893,0.01252026240704512,0.004149377593360997,0.004173443087383253,0.0,0.0,0.0,0.0,0.0,0.0,0.0,0.0,0.0,0.0,0.0,0.0,0.0,0.0,0.0,0.0,0.00021537798836958864,0.008231575295283608,0.0,0.0,0.0022172949002217295,0.0,0.0,0.0,0.0,0.0,0.0,0.0,0.0,0.0,0.0,0.0,0.0,0.0,0.0,0.0,0.0,0.0,0.0,0.0,0.0,0.0,0.0,0.0034917649323038006,0.0,0.10946005448091858,0.0,0.36363636363636365,0.1,0.6024377790752274
56,2023-06-12 14:55:40,Scareware,0.1241230676938845,0.4191184933913229,0.006752117745104369,0.058183863280200164,0.4338288461214512,0.08544333999509351,0.03315031992296278,0.0029559297742744535,0.007936507936507936,0.011086474501108647,0.002242152466367713,0.024793388429752067,0.03383644747896599,0.028371156346485994,0.014522821576763486,0.01605929586164299,0.2727272727272727,0.008264462809917356,0.0,0.0014763260571549089,0.0,0.004273504273504274,0.0,0.0,0.0,0.0,0.0,0.0,0.0,0.0,0.0,0.0,0.0,0.0,0.0,0.09663865546218486,0.0,0.0,0.0,0.0,0.0,0.0,0.0,0.0,0.0,0.0,0.0,0.025225225225225224,0.0,0.0,0.0,0.12440191387559808,0.0,0.0,0.0,0.0,0.0,0.0,0.20163033917116405,0.012202562538133007,0.0,0.1625,0.0,0.2727272727272727,0.0,0.5814904040525771
57,2023-06-12 14:55:41,PUA,0.0648566503699385,0.02357087571881629,0.009092502200469792,0.0542012616439187,0.46752906984811926,0.06992459693542466,0.0450426438630457,0.014165502285555694,0.007936507936507936,0.013303769401330377,0.004484304932735426,0.008264462809917356,0.020318894976196426,0.018198319281183335,0.006224066390041494,0.0074119827053736875,0.0,0.0,0.0,0.0,0.0,0.001090012679485446,0.0,0.0,0.0,0.0,0.0,0.0,0.0,0.0,0.0,0.0,0.0,0.000719165767709457,0.0,0.0004353753375780891,0.0,0.0026316020404720053,0.0,0.00011604320609626679,9.017945711966815e-05,0.00117096018735363,0.0008699434536755111,0.01238390092879257,0.0,0.0,0.004700352526439483,0.007207207207207207,0.0,0.0,0.0,0.0,0.0,0.0,0.0,0.0,0.0,0.0,0.0,0.0003050640634533252,0.023809523809523808,0.0125,0.6999822278938117,0.2727272727272727,0.1,0.9466129683800982
58,2023-06-12 14:55:42,Trojan,0.058773807852093976,0.06882753370491382,0.009733903096926198,0.041368859620164074,0.45629239406859756,0.046366256322233346,0.0384170049830334,0.004299335103291467,0.005196418041059426,0.01245896827648326,0.004484304932735426,0.008264462809917356,0.02212866647389146,0.020256065620199902,0.010867197894995647,0.012558964082061556,0.0,0.0,0.0,0.0,0.0,0.0,0.0,0.0004247550806087502,0.0,0.0,0.0,0.0,0.0,0.0,0.0,0.0,0.0,0.0,0.0,0.0053518628817959615,0.0,0.01345393455678699,0.0,0.0006133633420619532,0.0008675359496907729,0.0013384261380774555,0.0002692451903844937,0.0,0.0,0.0012343584469958389,0.0,0.0,0.0,0.0,0.0020193663329499804,0.0,0.0,0.0,0.0,0.0,0.0,0.0,0.005705020209160839,0.0014890193127840296,0.004535777467929154,0.05952513268265123,0.0010930069908088465,0.2727272727272727,0.0,0.9657802554799091
59,2023-06-12 14:55:43,Trojan_Dropper,0.10995682601603714,0.04837660773381448,0.008013864295191558,0.09793210177791949,0.43729509139919304,0.09487350235539094,0.1019978878643117,0.02469557978740426,0.007716754569784516,0.013221910054080854,0.004318750826863073,0.008874687034868342,0.02223104785841194,0.028706557468087746,0.02266838769456625,0.025141847730156718,0.0,0.0,0.009619271218442521,3.893131457295651e-06,0.0,0.006344032627685353,0.0,0.020399718231236166,0.04098218869746661,0.00306017704981083,0.008289262628955308,0.004797416858732082,0.0017462945319863378,0.012052213627184435,0.0,0.0,0.0,0.0005454368639099191,0.0,0.001866480296293603,0.00862360155913835,0.0,0.0,0.014358251944086872,6.658592408609372e-06,0.0,0.0,0.011926705069850965,0.003401360544217687,0.01664071592899292,8.676513656764902e-05,0.007007647393101614,0.0027879846989070905,0.02656776370732318,0.0005518300727061827,0.00035328770918214983,0.0006941127455066416,0.0,0.0,0.0,0.0,0.00025709595151907777,0.0014793877640406534,0.0032369602491850533,0.005732627585657532,0.0125,0.00018565848354604105,0.2727272727272727,0.1,0.9918465838101348
60,2023-06-12 14:55:44,Riskware,0.058757334814342345,0.17882662655133508,0.007954276561277056,0.02824377615948516,0.2781879419177838,0.012634325764976629,0.032938948281173344,0.0,0.0,0.0066518847006651885,0.0,0.008264462809917356,0.00335946248600224,0.002227171492204902,0.0,0.0,0.0,0.0,0.052736715940870954,0.0,0.0,0.0009861932938856016,0.0,0.0,0.0,0.0,0.0,0.0,0.0,0.0,0.0,0.0009191176470588235,0.0,0.007551240560949298,0.0,0.045168067226890755,0.008869179600886918,0.06666666666666667,0.0,0.003499685028347449,0.008025971683650464,0.05737704918032787,0.00021748586341887777,0.0,0.0,0.0021598272138228943,0.0011750881316098707,0.0,0.0002315886984715146,0.0,0.0,0.10047846889952153,0.008288288288288289,0.0976841632683602,0.000945179584120983,0.0,0.0,0.0005339028296849973,0.0015360983102918587,0.006406345332519829,0.26190476190476186,0.2625,2.4611469591365555e-06,0.36363636363636365,0.1,0.6820128840770346
61,2023-06-12 14:55:45,Trojan_Dropper,0.05428918735157069,0.061488558719789525,0.007219376823009155,0.03979133698017373,0.36080301564092354,0.032304636231316644,0.009902962136016099,0.003520268239290572,0.001984126984126984,0.013303769401330377,0.004484304932735426,0.008264462809917356,0.010078387458006719,0.015590200445434299,0.006224066390041494,0.0061766522544780735,0.0,0.0,0.0,0.0,0.0,0.0,0.0,0.0,0.0,0.0,0.0,0.0,0.0,0.0,0.0,0.0,0.0,0.000719165767709457,0.0,0.0,0.0022172949002217295,0.0,5.9758575355563525e-05,0.0,0.0,0.0,0.0,0.0,0.0,0.0,0.0,0.0,0.0,0.0,0.0,0.0,0.0,0.0,0.0,0.0,0.06666666666666667,0.0,0.0030721966205837174,0.0014261535522086676,0.0,0.025,0.0,0.4545454545454546,0.1,0.6093302415403622
62,2023-06-12 14:55:46,Ransomware,0.05467987281656514,0.04760284982898652,0.007031465814416964,0.0415823681393735,0.37978743395401315,0.03663757777617509,0.013084891441490032,0.0034037979218917947,0.001984126984126984,0.013303769401330377,0.004484304932735426,0.008264462809917356,0.011198208286674132,0.015590200445434299,0.006224066390041494,0.0061766522544780735,0.0,0.0,0.0,0.0,0.0,0.0,0.0,0.0,0.0,0.0,0.0,0.0,0.0,0.0,0.0,0.0,0.0,0.000719165767709457,0.0,0.0,0.0022172949002217295,0.0,5.9758575355563525e-05,0.0,0.0,0.0,0.0,0.0,0.0,0.0,0.0,0.0,0.0,0.0,0.0,0.0,0.0,0.0,0.0,0.0,0.06666666666666667,0.0,0.0030721966205837174,0.0013950219196365182,0.0,0.025,0.0,0.18181818181818182,0.1,0.09178345304145209
63,2023-06-12 14:55:47,Scareware,0.11192789374238023,0.3640660122953274,0.009723162257971839,0.05245192961686337,0.42810237572956106,0.05972827484740131,0.024411347222368072,0.000690785167035181,0.002147113615258111,0.011086474501108647,0.002242152466367713,0.024793388429752067,0.02485069684010101,0.028953229398663703,0.014522821576763486,0.01605929586164299,0.2727272727272727,0.008264462809917356,0.0,0.0014590013155984208,0.0,0.0032423048092866053,0.0,0.0,0.0,0.0,0.0,0.0,0.0,0.0,0.0,0.0,0.0,0.0,0.0,0.07465233231405358,0.0,0.0,0.0,0.0,0.0,0.0,0.0,0.0,0.0,0.0,0.0,0.024929206262738424,0.0,0.0,0.0,0.09438364813253448,0.0,0.0,0.0,0.0,0.0,0.0,0.15388409735652708,0.009785107630425427,0.0,0.12328864037312318,0.0,0.18181818181818182,0.0,0.7275340538330709
64,2023-06-12 14:55:48,Ransomware,0.046216731673766186,0.03759138512215855,0.005180320262990157,0.03374385292378502,0.4031297407188259,0.0377333450053619,0.02072176940244661,0.0060917160906940465,0.008090341641713726,0.011086474501108647,0.003967226562457241,0.008264462809917356,0.012663100941285319,0.018503672918859217,0.0057456079810289,0.005606875965054799,0.0,0.0,0.0,0.0,0.0,0.0,0.0,0.0,0.0,0.0,0.0,0.0,0.0,0.0,0.0,0.0,0.0,0.0,0.0,0.0,0.0,0.005617089037637872,0.0,0.00010770393320584163,0.00013876509096508787,0.0,0.0,0.0,0.0,0.0,0.0,0.0,0.0,0.0,0.00022042201600227178,0.0,0.0,0.0,0.0,0.0,0.0,0.0,0.0,0.0009267163786297488,0.0,0.02114813574290264,4.622818312041822e-06,0.2727272727272727,0.0,0.034394174889908743
65,2023-06-12 14:55:49,Trojan_SMS,0.03461340596242328,0.030658433428261134,0.010329977734003942,0.029635891645231806,0.4344014506230569,0.009263713723188028,0.018394890783748057,0.00035829451809387314,0.001984126984126984,0.013303769401330377,0.002242152466367713,0.008264462809917356,0.007838745800671893,0.013363028953229404,0.004149377593360997,0.004213564884942673,0.0,0.0,0.0,0.0,0.0,0.0,0.0,0.0,0.0,0.0,0.0,0.0,0.0,0.0,0.0,0.0,0.0001519363315056099,0.0,0.0,0.0,0.0,0.0,0.0,0.0,0.0,0.0,0.0,0.0,0.0,0.0,0.0,0.0,0.0,0.0,0.0,0.0,0.0,0.0,0.0,0.0,0.0,0.0,0.0,0.0011303967013973602,0.0,0.0625,0.0,0.2727272727272727,0.1,0.27323472058318116
66,2023-06-12 15:22:14,Backdoor,0.03764195336698166,0.031973954909797674,0.012821041878394585,0.031060954074705247,0.4180567076719952,0.022904957811879047,0.020809769679241502,0.00028860864229308546,0.0015982276203174634,0.009361478675299349,0.001806068880358748,0.008264462809917356,0.006531960049092956,0.010764009629933211,0.005763429704232353,0.004100399656874622,0.0,0.0,0.0,0.0,0.0,0.0,0.0,0.0,0.0,0.0,0.0,0.0,0.0,0.0,0.0,0.0,0.0,0.0,0.0,0.0,0.0,0.0,0.0,0.0,0.0,0.0,0.0,0.0,0.0,0.0,0.0,0.0,0.0,0.0,0.0,0.0,0.0,0.0,0.0,0.0,0.0,0.0,0.0,0.0034785702746552775,0.0,0.275,0.0,0.2727272727272727,0.0,0.5273978531485258
67,2023-06-12 15:22:15,PUA,0.04518760716086204,0.05353540128636799,0.00893191025861803,0.03491165138239457,0.5027817544290615,0.026920126312898928,0.026768401479824584,0.0011683445785268325,0.001984126984126984,0.008869179600886918,0.002242152466367713,0.008264462809917356,0.01173381921910775,0.014492724155409639,0.009381119164599128,0.007394112054900738,0.0,0.0,0.0,0.0,0.0,0.0,0.0,0.0,0.0,0.0,0.0,0.0,0.0,0.0,0.0,0.0,0.0,0.0,0.0,0.004399704055545298,0.0,0.0,0.0,0.005380529800412086,0.0005332493688026767,0.0,0.0,0.0,0.0,0.0,0.0,0.0,0.003765934735825712,0.0,0.0,0.0,0.0,0.0006072603039741722,0.0,0.0,0.0,0.0,0.0,0.0025908379665103946,0.0,0.16902124296670976,0.0,0.2727272727272727,0.0,0.3245378228252846
68,2023-06-12 15:22:16,Trojan_Spy,0.03767677826895,0.00013793166628214569,0.008358438513667969,0.04043124823573267,0.19574986664067429,0.011125432944879181,0.019057052385787605,0.0,0.0,0.011086474501108647,0.0,0.008264462809917356,0.007412896341739124,0.01484989533728787,0.005236396860237776,0.005882608577291296,0.0,0.0,0.0,0.0,0.0,0.0,0.0,0.0,0.0,0.0,0.0,0.0,0.0,0.0,0.0,0.0,0.0,0.0003595828838547285,0.0,0.000775239870465017,0.001055558122761402,0.0,0.0,0.0,0.0,0.0,0.0,0.0,0.0,0.0,0.0,0.0,0.0,0.0,0.0,0.0,0.0011328503494802329,0.0,0.0,0.00010757314974182444,0.0,0.00104900551248253,0.0008048283972881839,0.0005302099928867286,0.0,0.0125,0.0,0.2727272727272727,0.1,0.60741388528912
69,2023-06-12 15:22:17,Trojan_Dropper,0.08029900902458342,0.117328577643852,0.00884797586704904,0.05935771261026355,0.48843754651562316,0.09118896193817938,0.06303282277885412,0.015681461028778716,0.0037912047465778007,0.011759620984682344,0.0006806929688155544,0.01977538737038451,0.020596665030029705,0.02604991299756852,0.020561757660322016,0.01880553677493758,0.0,0.0,0.0,7.343782936921467e-05,0.0,0.00022893193159377476,0.0,0.0,0.0,0.0,0.0,0.0,0.0,0.0,0.0,0.0,0.0,0.004083758083746549,0.0,0.006583716831065509,0.0015441484166480327,0.0,0.0,0.0,0.0001256039202648143,0.0,0.0,0.0,0.0023687446799600773,0.0,0.0016366884510182439,0.0012547944791139868,0.0,0.0,0.0,0.00666421948237572,0.0,0.0,0.0,0.0,0.0,0.0,0.0029351262554150716,0.003497287784955042,0.0,0.01629486330114672,0.0,0.24512826690075115,0.1,0.07496607249885814
70,2023-06-12 15:22:18,Adware,0.0507855936303678,0.08420458819104927,0.011749394783305122,0.03588899910483149,0.4826132536301385,0.03338228834062195,0.013748331374719041,0.0011644571838050877,0.003968253968253968,0.011086474501108647,0.004484304932735426,0.008264462809917356,0.011198208286674132,0.017817371937639194,0.006224066390041494,0.0074119827053736875,0.0,0.0,0.0,0.0,0.0,0.0,0.0,0.0,0.0,0.0,0.0,0.0,0.0,0.0,0.0,0.0,0.0018307129011415034,0.0,0.0,0.0,0.004434589800443459,0.0,0.0,0.0,0.0,0.0,0.0,0.0,0.0,0.0,0.0,0.0,0.003937007874015748,0.023448275862068962,0.0,0.0,0.0,0.0,0.0,0.0,0.0,0.0,0.0,0.005186089078706528,0.0,0.2,8.575653222238338e-05,0.2727272727272727,0.0,0.9340955850112989
71,2023-06-12 15:22:19,Trojan_SMS,0.049990179247375935,0.04944898340568657,0.01160645026582321,0.03778819880486518,0.4176059142823512,0.024603905975015883,0.01060382985189252,0.0029239926659895207,0.004530079960044302,0.011086474501108647,0.002242152466367713,0.008264462809917356,0.011029653862919356,0.01399367550080697,0.006145996317213168,0.006083681840387267,0.0,0.0,0.0,0.0,0.0,0.0,0.0,0.0,0.0,0.0,0.0,0.0,0.0,0.0,0.0,0.0003121369140783171,0.0,0.0,0.0,0.0,0.0,0.021562219842362472,0.00036529755738674326,0.0,0.0,0.0,0.0,0.0,0.0,0.0,0.0,0.0,0.0,0.0,0.0,0.0,0.0,0.0,0.0,0.0,0.0,0.0,0.003942120736904234,0.0031657213964674993,0.0,0.08797037218879067,0.0,0.2727272727272727,0.0,0.24088413147370744
72,2023-06-12 15:22:20,Trojan_SMS,0.03240596461827437,0.015644979315532156,0.012495677023608005,0.029313139622093726,0.41123725826957824,0.009202011526281629,0.02429062032927539,0.0,0.0,0.008869179600886918,0.0,0.008264462809917356,0.0011198208286674132,0.004454342984409804,0.014522821576763486,0.0018529956763434219,0.0,0.0,0.0,0.0,0.0,0.0,0.0,0.0,0.0,0.0,0.0,0.0,0.0,0.0,0.0,0.0,0.0,0.0,0.0,0.0,0.0,0.0,0.0,0.0,0.0,0.0,0.0,0.0,0.0,0.0,0.0,0.0,0.0,0.0,0.0,0.0,0.0,0.0,0.0,0.0,0.0,0.0,0.0,0.0030506406345332518,0.0,0.25,0.0,0.18181818181818182,0.0,0.23164356302067524
73,2023-06-12 15:22:21,Backdoor,0.058674803772957036,0.10500983915269502,0.0074538930485684015,0.04118000304155887,0.37651361374708375,0.0335340487008342,0.031230229620392777,0.0033142242923683263,0.005952380952380952,0.013303769401330377,0.004484304932735426,0.008264462809917356,0.01343784994400896,0.015590200445434299,0.006224066390041494,0.00746646276903751,0.0,0.0,0.0,0.0,0.0,0.0,0.0,0.0,0.0,0.0,0.0,0.0,0.0,0.0,0.0,0.0,0.00021537798836958864,0.01109433948222493,0.0,0.0,0.0026084400136218554,0.04883357916983461,0.0,0.0,0.0,0.0,0.0,0.0,0.0,0.0,0.0,0.0,0.0,0.0,0.0,0.055728167979488444,0.0,0.0,0.0,0.0,0.0,0.0,0.0,0.008411795655200381,0.0,0.1455898388464136,0.0,0.36363636363636365,0.0,0.922507717724466
74,2023-06-12 15:22:22,Trojan_Dropper,0.04054349065034231,0.03392895448125771,0.009659014249409991,0.03385775866075952,0.43011950909811425,0.011522539315426001,0.013935633026626615,0.0013840878297049183,0.000155341119380468,0.011086474501108647,0.002242152466367713,0.008264462809917356,0.0031163709313298538,0.007553362184496167,0.01786004228041747,0.005231470997533377,0.0,0.0,0.0,0.0,0.0,0.0,0.0,0.0,0.0,0.00104596921905611,0.01419618327442641,0.0,0.007102918082116115,0.0,0.0,0.0,0.0,0.0,0.0,0.0,0.008174794464144071,0.002926057383594426,3.508960387583178e-05,0.0,8.311913390136569e-05,0.0,0.00020045847669252807,0.0,0.0,0.0,0.0,0.0,0.0,0.0,0.00013203095198857529,0.0,0.0026571764348316948,0.0,0.0,9.915104085975087e-05,0.0,0.0,0.0018039613863538222,0.006603931159623276,0.0,0.10293594715629086,1.2553993920535517e-06,0.3565189159847495,0.0,0.9943214586146805
75,2023-06-12 15:22:23,Adware,0.09000282539655591,0.30323429860849943,0.0084093267078032,0.043239058379503065,0.5223830660451008,0.03541807357675337,0.060241651168893406,0.000985309924758151,0.0,0.013303769401330377,0.002242152466367713,0.024793388429752067,0.0167973124300112,0.017817371937639194,0.01867219917012448,0.014206300185299569,0.0,0.01652892561983471,0.0,0.00168722977960561,0.006818181818181818,0.003616042077580539,0.0,0.0,0.0425531914893617,0.0022696323195642307,0.012910532276330692,0.0,0.0,0.04550625711035267,0.0,0.003216911764705882,0.0,0.005034160373966199,0.0,0.08035714285714285,0.0,0.0,0.0034659973706226846,0.00272975432211101,0.004238434484624403,0.021662763466042154,0.0023923444976076554,0.03405572755417957,0.011904761904761904,0.010799136069114472,0.012925969447708578,0.03963963963963964,0.0004631773969430292,0.0,0.0,0.10526315789473684,0.006126126126126126,0.017022709416738373,0.14839319470699433,0.0,0.0,0.0,0.0629800307219662,0.007779133618059792,0.1845238095238095,0.1375,0.0,0.36363636363636365,0.1,0.6354345846402913
76,2023-06-12 15:22:24,FileInfector,0.05456115274518724,0.04117767211694446,0.008806176388732372,0.04201177679210756,0.46291083349713424,0.039960265383553,0.026273412615795088,0.004120386958079541,0.003968253968253968,0.011086474501108647,0.002242152466367713,0.008264462809917356,0.010378715047083351,0.011733168233954198,0.002074688796680498,0.0024706609017912298,0.0,0.0,0.0,0.0,0.0,0.0,0.0,0.0,0.0,0.0,0.0,0.0,0.0,0.0,0.0,0.0,0.0,0.0,0.0,0.00613546500549072,0.004434589800443459,0.007200611228715662,0.0,0.0,0.0,0.0,0.0,0.0,0.0,0.0,0.0,0.0,0.0,0.0,0.0,0.0,0.0,0.0,0.0,0.0,0.0,0.0,0.0,0.0017818678112346451,0.0,0.10517166041761125,0.0,0.2727272727272727,0.0,0.24764745627993712
77,2023-06-12 15:22:25,Trojan_SMS,0.05767810608697128,0.008725084618277548,0.0072443983326962655,0.056642392277357075,0.3699730109517543,0.023265648664774034,0.035791299188791405,0.0021497671085632386,0.0,0.008869179600886918,0.002242152466367713,0.008264462809917356,0.002239641657334827,0.0089086859688196,0.006224066390041494,0.0061766522544780735,0.0,0.0,0.0,0.0,0.0,0.0,0.0,0.0,0.0,0.0,0.0,0.0,0.0,0.0,0.0,0.0,0.0,0.01222581805106077,0.0,0.0,0.004434589800443459,0.0,0.0,0.0,0.0,0.0,0.0,0.0,0.0,0.0,0.0,0.0,0.0,0.0,0.004870362412261854,0.0,0.0,0.0,0.0,0.0,0.0,0.0,0.0,0.02135448444173276,0.0,0.025,0.0,0.18181818181818182,0.0,0.5220749435056832
